part,cv,region,model,featset,lam,seed,n,rmse_cm,mae_cm,bias_cm,r2,target_sd_cm,skill_over_mean,coverage_90,width_90,delta_rmse,ci_lo,ci_hi
A_loro,LORO,Canada,ridge,shift14,0.0,0.0,742.0,27.469,21.408,1.273,0.2085,30.877,0.1104,,,,,
A_loro,LORO,Canada,ridge,shift14,0.25,0.0,742.0,27.556,21.154,-0.355,0.2035,30.877,0.1075,,,,,
A_loro,LORO,Canada,ridge,shift14,0.5,0.0,742.0,27.752,20.992,-1.983,0.1922,30.877,0.1012,,,,,
A_loro,LORO,Canada,ridge,shift14,0.75,0.0,742.0,28.053,20.911,-3.611,0.1746,30.877,0.0915,,,,,
A_loro,LORO,Canada,ridge,shift14,1.0,0.0,742.0,28.456,20.891,-5.239,0.1507,30.877,0.0784,,,,,
A_loro,LORO,Canada,catboost_lo,shift14,0.0,0.0,742.0,27.469,21.408,1.273,0.2085,30.877,0.1104,,,,,
A_loro,LORO,Canada,catboost_lo,shift14,0.25,0.0,742.0,26.402,20.583,0.822,0.2689,30.877,0.1449,,,,,
A_loro,LORO,Canada,catboost_lo,shift14,0.5,0.0,742.0,25.443,19.849,0.37,0.321,30.877,0.176,,,,,
A_loro,LORO,Canada,catboost_lo,shift14,0.75,0.0,742.0,24.606,19.201,-0.081,0.3649,30.877,0.2031,,,,,
A_loro,LORO,Canada,catboost_lo,shift14,1.0,0.0,742.0,23.904,18.641,-0.533,0.4007,30.877,0.2258,,,,,
A_loro,LORO,Canada,catboost_lo,shift14,0.0,1.0,742.0,27.469,21.408,1.273,0.2085,30.877,0.1104,,,,,
A_loro,LORO,Canada,catboost_lo,shift14,0.25,1.0,742.0,26.581,20.712,0.72,0.2589,30.877,0.1391,,,,,
A_loro,LORO,Canada,catboost_lo,shift14,0.5,1.0,742.0,25.78,20.076,0.166,0.3029,30.877,0.1651,,,,,
A_loro,LORO,Canada,catboost_lo,shift14,0.75,1.0,742.0,25.074,19.513,-0.387,0.3406,30.877,0.1879,,,,,
A_loro,LORO,Canada,catboost_lo,shift14,1.0,1.0,742.0,24.472,19.003,-0.94,0.3719,30.877,0.2074,,,,,
A_loro,LORO,Canada,catboost_lo,shift14,0.0,2.0,742.0,27.469,21.408,1.273,0.2085,30.877,0.1104,,,,,
A_loro,LORO,Canada,catboost_lo,shift14,0.25,2.0,742.0,26.665,20.835,0.912,0.2542,30.877,0.1364,,,,,
A_loro,LORO,Canada,catboost_lo,shift14,0.5,2.0,742.0,25.946,20.307,0.551,0.2939,30.877,0.1597,,,,,
A_loro,LORO,Canada,catboost_lo,shift14,0.75,2.0,742.0,25.321,19.84,0.191,0.3275,30.877,0.1799,,,,,
A_loro,LORO,Canada,catboost_lo,shift14,1.0,2.0,742.0,24.796,19.421,-0.17,0.3551,30.877,0.1969,,,,,
A_loro,LORO,Canada,catboost,shift14,0.0,0.0,742.0,27.469,21.408,1.273,0.2085,30.877,0.1104,,,,,
A_loro,LORO,Canada,catboost,shift14,0.25,0.0,742.0,27.008,21.224,1.752,0.2349,30.877,0.1253,,,,,
A_loro,LORO,Canada,catboost,shift14,0.5,0.0,742.0,26.68,21.122,2.232,0.2534,30.877,0.1359,,,,,
A_loro,LORO,Canada,catboost,shift14,0.75,0.0,742.0,26.491,21.101,2.711,0.2639,30.877,0.1421,,,,,
A_loro,LORO,Canada,catboost,shift14,1.0,0.0,742.0,26.442,21.186,3.19,0.2666,30.877,0.1436,,,,,
A_loro,LORO,Canada,catboost,shift14,0.0,1.0,742.0,27.469,21.408,1.273,0.2085,30.877,0.1104,,,,,
A_loro,LORO,Canada,catboost,shift14,0.25,1.0,742.0,26.442,20.849,2.089,0.2666,30.877,0.1436,,,,,
A_loro,LORO,Canada,catboost,shift14,0.5,1.0,742.0,25.603,20.373,2.905,0.3124,30.877,0.1708,,,,,
A_loro,LORO,Canada,catboost,shift14,0.75,1.0,742.0,24.971,19.998,3.721,0.346,30.877,0.1913,,,,,
A_loro,LORO,Canada,catboost,shift14,1.0,1.0,742.0,24.561,19.779,4.536,0.3672,30.877,0.2045,,,,,
A_loro,LORO,Canada,catboost,shift14,0.0,2.0,742.0,27.469,21.408,1.273,0.2085,30.877,0.1104,,,,,
A_loro,LORO,Canada,catboost,shift14,0.25,2.0,742.0,26.559,20.833,1.382,0.2601,30.877,0.1398,,,,,
A_loro,LORO,Canada,catboost,shift14,0.5,2.0,742.0,25.79,20.333,1.49,0.3024,30.877,0.1648,,,,,
A_loro,LORO,Canada,catboost,shift14,0.75,2.0,742.0,25.174,19.912,1.599,0.3353,30.877,0.1847,,,,,
A_loro,LORO,Canada,catboost,shift14,1.0,2.0,742.0,24.723,19.58,1.708,0.3589,30.877,0.1993,,,,,
A_loro,LORO,Canada,ridge,shared25,0.0,0.0,742.0,27.469,21.408,1.273,0.2085,30.877,0.1104,,,,,
A_loro,LORO,Canada,ridge,shared25,0.25,0.0,742.0,27.301,20.433,-2.837,0.2182,30.877,0.1158,,,,,
A_loro,LORO,Canada,ridge,shared25,0.5,0.0,742.0,27.843,20.116,-6.947,0.1869,30.877,0.0983,,,,,
A_loro,LORO,Canada,ridge,shared25,0.75,0.0,742.0,29.058,20.482,-11.057,0.1144,30.877,0.0589,,,,,
A_loro,LORO,Canada,ridge,shared25,1.0,0.0,742.0,30.864,21.727,-15.168,0.0008,30.877,0.0004,,,,,
A_loro,LORO,Canada,catboost_lo,shared25,0.0,0.0,742.0,27.469,21.408,1.273,0.2085,30.877,0.1104,,,,,
A_loro,LORO,Canada,catboost_lo,shared25,0.25,0.0,742.0,26.077,20.547,4.25,0.2867,30.877,0.1555,,,,,
A_loro,LORO,Canada,catboost_lo,shared25,0.5,0.0,742.0,26.017,20.597,7.227,0.29,30.877,0.1574,,,,,
A_loro,LORO,Canada,catboost_lo,shared25,0.75,0.0,742.0,27.297,21.522,10.204,0.2184,30.877,0.1159,,,,,
A_loro,LORO,Canada,catboost_lo,shared25,1.0,0.0,742.0,29.746,23.169,13.181,0.0719,30.877,0.0366,,,,,
A_loro,LORO,Canada,catboost_lo,shared25,0.0,1.0,742.0,27.469,21.408,1.273,0.2085,30.877,0.1104,,,,,
A_loro,LORO,Canada,catboost_lo,shared25,0.25,1.0,742.0,25.668,20.292,5.312,0.309,30.877,0.1687,,,,,
A_loro,LORO,Canada,catboost_lo,shared25,0.5,1.0,742.0,26.107,20.682,9.352,0.2851,30.877,0.1545,,,,,
A_loro,LORO,Canada,catboost_lo,shared25,0.75,1.0,742.0,28.684,22.428,13.391,0.137,30.877,0.071,,,,,
A_loro,LORO,Canada,catboost_lo,shared25,1.0,1.0,742.0,32.9,25.126,17.43,-0.1353,30.877,-0.0655,,,,,
A_loro,LORO,Canada,catboost_lo,shared25,0.0,2.0,742.0,27.469,21.408,1.273,0.2085,30.877,0.1104,,,,,
A_loro,LORO,Canada,catboost_lo,shared25,0.25,2.0,742.0,26.183,20.832,6.542,0.2809,30.877,0.152,,,,,
A_loro,LORO,Canada,catboost_lo,shared25,0.5,2.0,742.0,27.995,22.319,11.81,0.178,30.877,0.0933,,,,,
A_loro,LORO,Canada,catboost_lo,shared25,0.75,2.0,742.0,32.39,25.443,17.079,-0.1004,30.877,-0.049,,,,,
A_loro,LORO,Canada,catboost_lo,shared25,1.0,2.0,742.0,38.492,29.382,22.348,-0.5541,30.877,-0.2466,,,,,
A_loro,LORO,Canada,catboost,shared25,0.0,0.0,742.0,27.469,21.408,1.273,0.2085,30.877,0.1104,,,,,
A_loro,LORO,Canada,catboost,shared25,0.25,0.0,742.0,25.692,20.538,5.573,0.3077,30.877,0.1679,,,,,
A_loro,LORO,Canada,catboost,shared25,0.5,0.0,742.0,25.646,20.741,9.873,0.3101,30.877,0.1694,,,,,
A_loro,LORO,Canada,catboost,shared25,0.75,0.0,742.0,27.341,22.113,14.174,0.2159,30.877,0.1145,,,,,
A_loro,LORO,Canada,catboost,shared25,1.0,0.0,742.0,30.488,24.543,18.474,0.025,30.877,0.0126,,,,,
A_loro,LORO,Canada,catboost,shared25,0.0,1.0,742.0,27.469,21.408,1.273,0.2085,30.877,0.1104,,,,,
A_loro,LORO,Canada,catboost,shared25,0.25,1.0,742.0,26.387,21.153,4.709,0.2697,30.877,0.1454,,,,,
A_loro,LORO,Canada,catboost,shared25,0.5,1.0,742.0,26.149,21.443,8.145,0.2828,30.877,0.1531,,,,,
A_loro,LORO,Canada,catboost,shared25,0.75,1.0,742.0,26.778,22.272,11.581,0.2479,30.877,0.1327,,,,,
A_loro,LORO,Canada,catboost,shared25,1.0,1.0,742.0,28.216,23.609,15.017,0.1649,30.877,0.0862,,,,,
A_loro,LORO,Canada,catboost,shared25,0.0,2.0,742.0,27.469,21.408,1.273,0.2085,30.877,0.1104,,,,,
A_loro,LORO,Canada,catboost,shared25,0.25,2.0,742.0,25.747,20.597,4.794,0.3047,30.877,0.1661,,,,,
A_loro,LORO,Canada,catboost,shared25,0.5,2.0,742.0,25.201,20.528,8.315,0.3339,30.877,0.1838,,,,,
A_loro,LORO,Canada,catboost,shared25,0.75,2.0,742.0,25.905,21.17,11.835,0.2961,30.877,0.161,,,,,
A_loro,LORO,Canada,catboost,shared25,1.0,2.0,742.0,27.766,22.629,15.356,0.1914,30.877,0.1008,,,,,
A_loro,LORO,Alaska,ridge,shift14,0.0,0.0,13606.0,14.602,10.674,-4.047,0.2943,17.382,0.1599,,,,,
A_loro,LORO,Alaska,ridge,shift14,0.25,0.0,13606.0,19.665,16.059,11.45,-0.2799,17.382,-0.1313,,,,,
A_loro,LORO,Alaska,ridge,shift14,0.5,0.0,13606.0,34.698,30.144,26.947,-2.9848,17.382,-0.9962,,,,,
A_loro,LORO,Alaska,ridge,shift14,0.75,0.0,13606.0,51.623,45.124,42.445,-7.8205,17.382,-1.9699,,,,,
A_loro,LORO,Alaska,ridge,shift14,1.0,0.0,13606.0,69.063,60.406,57.942,-14.7868,17.382,-2.9733,,,,,
A_loro,LORO,Alaska,catboost_lo,shift14,0.0,0.0,13606.0,14.602,10.674,-4.047,0.2943,17.382,0.1599,,,,,
A_loro,LORO,Alaska,catboost_lo,shift14,0.25,0.0,13606.0,17.195,13.241,5.236,0.0214,17.382,0.0108,,,,,
A_loro,LORO,Alaska,catboost_lo,shift14,0.5,0.0,13606.0,25.361,19.787,14.519,-1.1289,17.382,-0.4591,,,,,
A_loro,LORO,Alaska,catboost_lo,shift14,0.75,0.0,13606.0,35.438,27.735,23.802,-3.1567,17.382,-1.0388,,,,,
A_loro,LORO,Alaska,catboost_lo,shift14,1.0,0.0,13606.0,46.191,36.363,33.085,-6.0619,17.382,-1.6574,,,,,
A_loro,LORO,Alaska,catboost_lo,shift14,0.0,1.0,13606.0,14.602,10.674,-4.047,0.2943,17.382,0.1599,,,,,
A_loro,LORO,Alaska,catboost_lo,shift14,0.25,1.0,13606.0,17.469,13.5,6.224,-0.01,17.382,-0.005,,,,,
A_loro,LORO,Alaska,catboost_lo,shift14,0.5,1.0,13606.0,26.35,20.784,16.496,-1.2981,17.382,-0.5159,,,,,
A_loro,LORO,Alaska,catboost_lo,shift14,0.75,1.0,13606.0,37.158,29.95,26.768,-3.5698,17.382,-1.1377,,,,,
A_loro,LORO,Alaska,catboost_lo,shift14,1.0,1.0,13606.0,48.624,39.848,37.039,-6.8253,17.382,-1.7974,,,,,
A_loro,LORO,Alaska,catboost_lo,shift14,0.0,2.0,13606.0,14.602,10.674,-4.047,0.2943,17.382,0.1599,,,,,
A_loro,LORO,Alaska,catboost_lo,shift14,0.25,2.0,13606.0,18.111,14.18,6.886,-0.0856,17.382,-0.0419,,,,,
A_loro,LORO,Alaska,catboost_lo,shift14,0.5,2.0,13606.0,28.004,22.194,17.82,-1.5956,17.382,-0.6111,,,,,
A_loro,LORO,Alaska,catboost_lo,shift14,0.75,2.0,13606.0,39.773,31.906,28.753,-4.2358,17.382,-1.2882,,,,,
A_loro,LORO,Alaska,catboost_lo,shift14,1.0,2.0,13606.0,52.163,42.319,39.687,-8.006,17.382,-2.001,,,,,
A_loro,LORO,Alaska,catboost,shift14,0.0,0.0,13606.0,14.602,10.674,-4.047,0.2943,17.382,0.1599,,,,,
A_loro,LORO,Alaska,catboost,shift14,0.25,0.0,13606.0,16.16,12.109,4.805,0.1357,17.382,0.0703,,,,,
A_loro,LORO,Alaska,catboost,shift14,0.5,0.0,13606.0,23.276,18.126,13.656,-0.7931,17.382,-0.3391,,,,,
A_loro,LORO,Alaska,catboost,shift14,0.75,0.0,13606.0,32.482,26.007,22.508,-2.4921,17.382,-0.8687,,,,,
A_loro,LORO,Alaska,catboost,shift14,1.0,0.0,13606.0,42.439,34.508,31.36,-4.9614,17.382,-1.4416,,,,,
A_loro,LORO,Alaska,catboost,shift14,0.0,1.0,13606.0,14.602,10.674,-4.047,0.2943,17.382,0.1599,,,,,
A_loro,LORO,Alaska,catboost,shift14,0.25,1.0,13606.0,16.657,12.656,5.657,0.0817,17.382,0.0417,,,,,
A_loro,LORO,Alaska,catboost,shift14,0.5,1.0,13606.0,24.679,19.467,15.361,-1.0159,17.382,-0.4198,,,,,
A_loro,LORO,Alaska,catboost,shift14,0.75,1.0,13606.0,34.757,28.149,25.065,-2.9984,17.382,-0.9996,,,,,
A_loro,LORO,Alaska,catboost,shift14,1.0,1.0,13606.0,45.546,37.414,34.77,-5.866,17.382,-1.6203,,,,,
A_loro,LORO,Alaska,catboost,shift14,0.0,2.0,13606.0,14.602,10.674,-4.047,0.2943,17.382,0.1599,,,,,
A_loro,LORO,Alaska,catboost,shift14,0.25,2.0,13606.0,16.615,12.577,5.801,0.0863,17.382,0.0441,,,,,
A_loro,LORO,Alaska,catboost,shift14,0.5,2.0,13606.0,24.724,19.498,15.65,-1.0232,17.382,-0.4224,,,,,
A_loro,LORO,Alaska,catboost,shift14,0.75,2.0,13606.0,34.913,28.318,25.499,-3.0343,17.382,-1.0086,,,,,
A_loro,LORO,Alaska,catboost,shift14,1.0,2.0,13606.0,45.814,37.737,35.347,-5.947,17.382,-1.6357,,,,,
A_loro,LORO,Alaska,ridge,shared25,0.0,0.0,13606.0,14.602,10.674,-4.047,0.2943,17.382,0.1599,,,,,
A_loro,LORO,Alaska,ridge,shared25,0.25,0.0,13606.0,19.707,16.492,13.351,-0.2855,17.382,-0.1338,,,,,
A_loro,LORO,Alaska,ridge,shared25,0.5,0.0,13606.0,35.051,32.257,30.749,-3.0664,17.382,-1.0165,,,,,
A_loro,LORO,Alaska,ridge,shared25,0.75,0.0,13606.0,52.286,49.069,48.146,-8.0485,17.382,-2.0081,,,,,
A_loro,LORO,Alaska,ridge,shared25,1.0,0.0,13606.0,70.029,66.179,65.544,-15.2317,17.382,-3.0289,,,,,
A_loro,LORO,Alaska,catboost_lo,shared25,0.0,0.0,13606.0,14.602,10.674,-4.047,0.2943,17.382,0.1599,,,,,
A_loro,LORO,Alaska,catboost_lo,shared25,0.25,0.0,13606.0,17.076,13.154,5.594,0.0349,17.382,0.0176,,,,,
A_loro,LORO,Alaska,catboost_lo,shared25,0.5,0.0,13606.0,25.125,19.586,15.235,-1.0895,17.382,-0.4455,,,,,
A_loro,LORO,Alaska,catboost_lo,shared25,0.75,0.0,13606.0,35.105,27.59,24.876,-3.0789,17.382,-1.0196,,,,,
A_loro,LORO,Alaska,catboost_lo,shared25,1.0,0.0,13606.0,45.769,36.412,34.517,-5.9334,17.382,-1.6331,,,,,
A_loro,LORO,Alaska,catboost_lo,shared25,0.0,1.0,13606.0,14.602,10.674,-4.047,0.2943,17.382,0.1599,,,,,
A_loro,LORO,Alaska,catboost_lo,shared25,0.25,1.0,13606.0,17.161,13.295,6.064,0.0252,17.382,0.0127,,,,,
A_loro,LORO,Alaska,catboost_lo,shared25,0.5,1.0,13606.0,25.434,20.064,16.176,-1.1411,17.382,-0.4632,,,,,
A_loro,LORO,Alaska,catboost_lo,shared25,0.75,1.0,13606.0,35.642,28.579,26.287,-3.2047,17.382,-1.0505,,,,,
A_loro,LORO,Alaska,catboost_lo,shared25,1.0,1.0,13606.0,46.529,37.911,36.399,-6.1656,17.382,-1.6769,,,,,
A_loro,LORO,Alaska,catboost_lo,shared25,0.0,2.0,13606.0,14.602,10.674,-4.047,0.2943,17.382,0.1599,,,,,
A_loro,LORO,Alaska,catboost_lo,shared25,0.25,2.0,13606.0,17.068,13.18,6.192,0.0357,17.382,0.018,,,,,
A_loro,LORO,Alaska,catboost_lo,shared25,0.5,2.0,13606.0,25.37,20.101,16.43,-1.1304,17.382,-0.4596,,,,,
A_loro,LORO,Alaska,catboost_lo,shared25,0.75,2.0,13606.0,35.639,28.968,26.669,-3.204,17.382,-1.0504,,,,,
A_loro,LORO,Alaska,catboost_lo,shared25,1.0,2.0,13606.0,46.593,38.567,36.908,-6.1853,17.382,-1.6805,,,,,
A_loro,LORO,Alaska,catboost,shared25,0.0,0.0,13606.0,14.602,10.674,-4.047,0.2943,17.382,0.1599,,,,,
A_loro,LORO,Alaska,catboost,shared25,0.25,0.0,13606.0,16.725,12.803,6.612,0.0741,17.382,0.0378,,,,,
A_loro,LORO,Alaska,catboost,shared25,0.5,0.0,13606.0,24.893,20.008,17.271,-1.0509,17.382,-0.4321,,,,,
A_loro,LORO,Alaska,catboost,shared25,0.75,0.0,13606.0,35.113,29.438,27.93,-3.0808,17.382,-1.0201,,,,,
A_loro,LORO,Alaska,catboost,shared25,1.0,0.0,13606.0,46.04,39.582,38.589,-6.0156,17.382,-1.6487,,,,,
A_loro,LORO,Alaska,catboost,shared25,0.0,1.0,13606.0,14.602,10.674,-4.047,0.2943,17.382,0.1599,,,,,
A_loro,LORO,Alaska,catboost,shared25,0.25,1.0,13606.0,17.003,13.046,6.673,0.0431,17.382,0.0218,,,,,
A_loro,LORO,Alaska,catboost,shared25,0.5,1.0,13606.0,25.64,20.477,17.393,-1.1759,17.382,-0.4751,,,,,
A_loro,LORO,Alaska,catboost,shared25,0.75,1.0,13606.0,36.306,29.981,28.113,-3.3628,17.382,-1.0887,,,,,
A_loro,LORO,Alaska,catboost,shared25,1.0,1.0,13606.0,47.658,40.181,38.833,-6.5175,17.382,-1.7418,,,,,
A_loro,LORO,Alaska,catboost,shared25,0.0,2.0,13606.0,14.602,10.674,-4.047,0.2943,17.382,0.1599,,,,,
A_loro,LORO,Alaska,catboost,shared25,0.25,2.0,13606.0,16.444,12.551,5.931,0.105,17.382,0.0539,,,,,
A_loro,LORO,Alaska,catboost,shared25,0.5,2.0,13606.0,24.025,19.063,15.91,-0.9104,17.382,-0.3822,,,,,
A_loro,LORO,Alaska,catboost,shared25,0.75,2.0,13606.0,33.668,27.656,25.889,-2.7518,17.382,-0.9369,,,,,
A_loro,LORO,Alaska,catboost,shared25,1.0,2.0,13606.0,44.039,36.994,35.867,-5.4192,17.382,-1.5336,,,,,
A_loro,LORO,Lena,ridge,shift14,0.0,0.0,3037.0,21.722,15.632,5.578,-0.0605,21.094,-0.0298,,,,,
A_loro,LORO,Lena,ridge,shift14,0.25,0.0,3037.0,21.705,13.125,-3.9,-0.0588,21.094,-0.029,,,,,
A_loro,LORO,Lena,ridge,shift14,0.5,0.0,3037.0,25.678,15.981,-13.378,-0.4819,21.094,-0.2173,,,,,
A_loro,LORO,Lena,ridge,shift14,0.75,0.0,3037.0,32.198,23.355,-22.856,-1.33,21.094,-0.5264,,,,,
A_loro,LORO,Lena,ridge,shift14,1.0,0.0,3037.0,40.039,32.407,-32.334,-2.603,21.094,-0.8981,,,,,
A_loro,LORO,Lena,catboost_lo,shift14,0.0,0.0,3037.0,21.722,15.632,5.578,-0.0605,21.094,-0.0298,,,,,
A_loro,LORO,Lena,catboost_lo,shift14,0.25,0.0,3037.0,21.36,15.103,4.693,-0.0254,21.094,-0.0126,,,,,
A_loro,LORO,Lena,catboost_lo,shift14,0.5,0.0,3037.0,21.065,14.619,3.808,0.0028,21.094,0.0014,,,,,
A_loro,LORO,Lena,catboost_lo,shift14,0.75,0.0,3037.0,20.838,14.21,2.924,0.0241,21.094,0.0121,,,,,
A_loro,LORO,Lena,catboost_lo,shift14,1.0,0.0,3037.0,20.682,13.867,2.039,0.0387,21.094,0.0195,,,,,
A_loro,LORO,Lena,catboost_lo,shift14,0.0,1.0,3037.0,21.722,15.632,5.578,-0.0605,21.094,-0.0298,,,,,
A_loro,LORO,Lena,catboost_lo,shift14,0.25,1.0,3037.0,21.346,15.082,4.693,-0.0241,21.094,-0.012,,,,,
A_loro,LORO,Lena,catboost_lo,shift14,0.5,1.0,3037.0,21.045,14.599,3.809,0.0046,21.094,0.0023,,,,,
A_loro,LORO,Lena,catboost_lo,shift14,0.75,1.0,3037.0,20.822,14.211,2.925,0.0256,21.094,0.0129,,,,,
A_loro,LORO,Lena,catboost_lo,shift14,1.0,1.0,3037.0,20.679,13.903,2.04,0.0389,21.094,0.0196,,,,,
A_loro,LORO,Lena,catboost_lo,shift14,0.0,2.0,3037.0,21.722,15.632,5.578,-0.0605,21.094,-0.0298,,,,,
A_loro,LORO,Lena,catboost_lo,shift14,0.25,2.0,3037.0,21.362,14.993,4.295,-0.0256,21.094,-0.0127,,,,,
A_loro,LORO,Lena,catboost_lo,shift14,0.5,2.0,3037.0,21.099,14.455,3.012,-0.0005,21.094,-0.0002,,,,,
A_loro,LORO,Lena,catboost_lo,shift14,0.75,2.0,3037.0,20.936,14.006,1.73,0.0149,21.094,0.0075,,,,,
A_loro,LORO,Lena,catboost_lo,shift14,1.0,2.0,3037.0,20.876,13.64,0.447,0.0206,21.094,0.0103,,,,,
A_loro,LORO,Lena,catboost,shift14,0.0,0.0,3037.0,21.722,15.632,5.578,-0.0605,21.094,-0.0298,,,,,
A_loro,LORO,Lena,catboost,shift14,0.25,0.0,3037.0,22.241,16.907,8.531,-0.1117,21.094,-0.0544,,,,,
A_loro,LORO,Lena,catboost,shift14,0.5,0.0,3037.0,23.2,18.507,11.484,-0.2097,21.094,-0.0999,,,,,
A_loro,LORO,Lena,catboost,shift14,0.75,0.0,3037.0,24.55,20.326,14.437,-0.3545,21.094,-0.1638,,,,,
A_loro,LORO,Lena,catboost,shift14,1.0,0.0,3037.0,26.228,22.342,17.389,-0.5461,21.094,-0.2434,,,,,
A_loro,LORO,Lena,catboost,shift14,0.0,1.0,3037.0,21.722,15.632,5.578,-0.0605,21.094,-0.0298,,,,,
A_loro,LORO,Lena,catboost,shift14,0.25,1.0,3037.0,22.695,17.571,9.682,-0.1576,21.094,-0.0759,,,,,
A_loro,LORO,Lena,catboost,shift14,0.5,1.0,3037.0,24.437,20.042,13.787,-0.3421,21.094,-0.1585,,,,,
A_loro,LORO,Lena,catboost,shift14,0.75,1.0,3037.0,26.798,22.911,17.892,-0.614,21.094,-0.2704,,,,,
A_loro,LORO,Lena,catboost,shift14,1.0,1.0,3037.0,29.63,26.084,21.997,-0.9732,21.094,-0.4047,,,,,
A_loro,LORO,Lena,catboost,shift14,0.0,2.0,3037.0,21.722,15.632,5.578,-0.0605,21.094,-0.0298,,,,,
A_loro,LORO,Lena,catboost,shift14,0.25,2.0,3037.0,22.607,17.339,9.051,-0.1486,21.094,-0.0717,,,,,
A_loro,LORO,Lena,catboost,shift14,0.5,2.0,3037.0,24.026,19.444,12.524,-0.2973,21.094,-0.139,,,,,
A_loro,LORO,Lena,catboost,shift14,0.75,2.0,3037.0,25.89,21.814,15.997,-0.5064,21.094,-0.2274,,,,,
A_loro,LORO,Lena,catboost,shift14,1.0,2.0,3037.0,28.111,24.404,19.469,-0.776,21.094,-0.3327,,,,,
A_loro,LORO,Lena,ridge,shared25,0.0,0.0,3037.0,21.722,15.632,5.578,-0.0605,21.094,-0.0298,,,,,
A_loro,LORO,Lena,ridge,shared25,0.25,0.0,3037.0,21.675,14.781,2.121,-0.0559,21.094,-0.0276,,,,,
A_loro,LORO,Lena,ridge,shared25,0.5,0.0,3037.0,22.823,14.939,-1.337,-0.1707,21.094,-0.082,,,,,
A_loro,LORO,Lena,ridge,shared25,0.75,0.0,3037.0,25.0,16.177,-4.794,-0.4047,21.094,-0.1852,,,,,
A_loro,LORO,Lena,ridge,shared25,1.0,0.0,3037.0,27.969,18.405,-8.251,-0.758,21.094,-0.3259,,,,,
A_loro,LORO,Lena,catboost_lo,shared25,0.0,0.0,3037.0,21.722,15.632,5.578,-0.0605,21.094,-0.0298,,,,,
A_loro,LORO,Lena,catboost_lo,shared25,0.25,0.0,3037.0,23.12,18.118,10.265,-0.2014,21.094,-0.0961,,,,,
A_loro,LORO,Lena,catboost_lo,shared25,0.5,0.0,3037.0,25.432,21.204,14.953,-0.4537,21.094,-0.2057,,,,,
A_loro,LORO,Lena,catboost_lo,shared25,0.75,0.0,3037.0,28.436,24.701,19.641,-0.8173,21.094,-0.3481,,,,,
A_loro,LORO,Lena,catboost_lo,shared25,1.0,0.0,3037.0,31.937,28.502,24.329,-1.2923,21.094,-0.5141,,,,,
A_loro,LORO,Lena,catboost_lo,shared25,0.0,1.0,3037.0,21.722,15.632,5.578,-0.0605,21.094,-0.0298,,,,,
A_loro,LORO,Lena,catboost_lo,shared25,0.25,1.0,3037.0,22.877,17.637,9.265,-0.1762,21.094,-0.0845,,,,,
A_loro,LORO,Lena,catboost_lo,shared25,0.5,1.0,3037.0,24.663,20.064,12.952,-0.3671,21.094,-0.1692,,,,,
A_loro,LORO,Lena,catboost_lo,shared25,0.75,1.0,3037.0,26.955,22.758,16.64,-0.6329,21.094,-0.2779,,,,,
A_loro,LORO,Lena,catboost_lo,shared25,1.0,1.0,3037.0,29.635,25.673,20.327,-0.9738,21.094,-0.4049,,,,,
A_loro,LORO,Lena,catboost_lo,shared25,0.0,2.0,3037.0,21.722,15.632,5.578,-0.0605,21.094,-0.0298,,,,,
A_loro,LORO,Lena,catboost_lo,shared25,0.25,2.0,3037.0,22.374,17.122,9.009,-0.1251,21.094,-0.0607,,,,,
A_loro,LORO,Lena,catboost_lo,shared25,0.5,2.0,3037.0,23.65,19.045,12.44,-0.257,21.094,-0.1212,,,,,
A_loro,LORO,Lena,catboost_lo,shared25,0.75,2.0,3037.0,25.455,21.257,15.872,-0.4562,21.094,-0.2067,,,,,
A_loro,LORO,Lena,catboost_lo,shared25,1.0,2.0,3037.0,27.686,23.722,19.303,-0.7227,21.094,-0.3125,,,,,
A_loro,LORO,Lena,catboost,shared25,0.0,0.0,3037.0,21.722,15.632,5.578,-0.0605,21.094,-0.0298,,,,,
A_loro,LORO,Lena,catboost,shared25,0.25,0.0,3037.0,24.03,19.547,12.705,-0.2978,21.094,-0.1392,,,,,
A_loro,LORO,Lena,catboost,shared25,0.5,0.0,3037.0,28.179,24.558,19.832,-0.7847,21.094,-0.3359,,,,,
A_loro,LORO,Lena,catboost,shared25,0.75,0.0,3037.0,33.493,30.241,26.959,-1.5212,21.094,-0.5878,,,,,
A_loro,LORO,Lena,catboost,shared25,1.0,0.0,3037.0,39.504,36.396,34.086,-2.5072,21.094,-0.8728,,,,,
A_loro,LORO,Lena,catboost,shared25,0.0,1.0,3037.0,21.722,15.632,5.578,-0.0605,21.094,-0.0298,,,,,
A_loro,LORO,Lena,catboost,shared25,0.25,1.0,3037.0,24.562,20.249,13.713,-0.3559,21.094,-0.1644,,,,,
A_loro,LORO,Lena,catboost,shared25,0.5,1.0,3037.0,29.642,26.177,21.849,-0.9747,21.094,-0.4052,,,,,
A_loro,LORO,Lena,catboost,shared25,0.75,1.0,3037.0,36.026,32.877,29.985,-1.917,21.094,-0.7079,,,,,
A_loro,LORO,Lena,catboost,shared25,1.0,1.0,3037.0,43.14,40.069,38.121,-3.1827,21.094,-1.0452,,,,,
A_loro,LORO,Lena,catboost,shared25,0.0,2.0,3037.0,21.722,15.632,5.578,-0.0605,21.094,-0.0298,,,,,
A_loro,LORO,Lena,catboost,shared25,0.25,2.0,3037.0,24.546,20.24,13.725,-0.3541,21.094,-0.1637,,,,,
A_loro,LORO,Lena,catboost,shared25,0.5,2.0,3037.0,29.625,26.154,21.872,-0.9724,21.094,-0.4044,,,,,
A_loro,LORO,Lena,catboost,shared25,0.75,2.0,3037.0,36.016,32.878,30.02,-1.9154,21.094,-0.7074,,,,,
A_loro,LORO,Lena,catboost,shared25,1.0,2.0,3037.0,43.142,40.096,38.167,-3.183,21.094,-1.0452,,,,,
A_loro,LORO_gate,UNWEIGHTED_MEAN,catboost,shared25,0.0,,3.0,21.264333333333337,,,,,,,,,,
A_loro,LORO_gate,UNWEIGHTED_MEAN,catboost,shared25,0.25,,3.0,22.348444444444443,,,,,,,,,,
A_loro,LORO_gate,UNWEIGHTED_MEAN,catboost,shared25,0.5,,3.0,26.555555555555557,,,,,,,,,,
A_loro,LORO_gate,UNWEIGHTED_MEAN,catboost,shared25,0.75,,3.0,32.294000000000004,,,,,,,,,,
A_loro,LORO_gate,UNWEIGHTED_MEAN,catboost,shared25,1.0,,3.0,38.88811111111111,,,,,,,,,,
A_loro,LORO_gate,UNWEIGHTED_MEAN,catboost,shift14,0.0,,3.0,21.264333333333337,,,,,,,,,,
A_loro,LORO_gate,UNWEIGHTED_MEAN,catboost,shift14,0.25,,3.0,21.887111111111114,,,,,,,,,,
A_loro,LORO_gate,UNWEIGHTED_MEAN,catboost,shift14,0.5,,3.0,24.712777777777777,,,,,,,,,,
A_loro,LORO_gate,UNWEIGHTED_MEAN,catboost,shift14,0.75,,3.0,28.447333333333333,,,,,,,,,,
A_loro,LORO_gate,UNWEIGHTED_MEAN,catboost,shift14,1.0,,3.0,32.61044444444445,,,,,,,,,,
A_loro,LORO_gate,UNWEIGHTED_MEAN,catboost_lo,shared25,0.0,,3.0,21.264333333333337,,,,,,,,,,
A_loro,LORO_gate,UNWEIGHTED_MEAN,catboost_lo,shared25,0.25,,3.0,21.956000000000003,,,,,,,,,,
A_loro,LORO_gate,UNWEIGHTED_MEAN,catboost_lo,shared25,0.5,,3.0,25.532555555555557,,,,,,,,,,
A_loro,LORO_gate,UNWEIGHTED_MEAN,catboost_lo,shared25,0.75,,3.0,30.622555555555554,,,,,,,,,,
A_loro,LORO_gate,UNWEIGHTED_MEAN,catboost_lo,shared25,1.0,,3.0,36.58744444444445,,,,,,,,,,
A_loro,LORO_gate,UNWEIGHTED_MEAN,catboost_lo,shift14,0.0,,3.0,21.264333333333337,,,,,,,,,,
A_loro,LORO_gate,UNWEIGHTED_MEAN,catboost_lo,shift14,0.25,,3.0,21.832333333333334,,,,,,,,,,
A_loro,LORO_gate,UNWEIGHTED_MEAN,catboost_lo,shift14,0.5,,3.0,24.454777777777778,,,,,,,,,,
A_loro,LORO_gate,UNWEIGHTED_MEAN,catboost_lo,shift14,0.75,,3.0,27.774,,,,,,,,,,
A_loro,LORO_gate,UNWEIGHTED_MEAN,catboost_lo,shift14,1.0,,3.0,31.376333333333335,,,,,,,,,,
A_loro,LORO_gate,UNWEIGHTED_MEAN,ridge,shared25,0.0,,3.0,21.264333333333333,,,,,,,,,,
A_loro,LORO_gate,UNWEIGHTED_MEAN,ridge,shared25,0.25,,3.0,22.894333333333332,,,,,,,,,,
A_loro,LORO_gate,UNWEIGHTED_MEAN,ridge,shared25,0.5,,3.0,28.572333333333336,,,,,,,,,,
A_loro,LORO_gate,UNWEIGHTED_MEAN,ridge,shared25,0.75,,3.0,35.448,,,,,,,,,,
A_loro,LORO_gate,UNWEIGHTED_MEAN,ridge,shared25,1.0,,3.0,42.954,,,,,,,,,,
A_loro,LORO_gate,UNWEIGHTED_MEAN,ridge,shift14,0.0,,3.0,21.264333333333333,,,,,,,,,,
A_loro,LORO_gate,UNWEIGHTED_MEAN,ridge,shift14,0.25,,3.0,22.975333333333335,,,,,,,,,,
A_loro,LORO_gate,UNWEIGHTED_MEAN,ridge,shift14,0.5,,3.0,29.376,,,,,,,,,,
A_loro,LORO_gate,UNWEIGHTED_MEAN,ridge,shift14,0.75,,3.0,37.291333333333334,,,,,,,,,,
A_loro,LORO_gate,UNWEIGHTED_MEAN,ridge,shift14,1.0,,3.0,45.852666666666664,,,,,,,,,,
B_autolam,LORO_autolam,Canada,ridge,shift14,0.25,,742.0,27.556,21.154,-0.355,0.2035,30.877,0.1075,,,,,
B_autolam,LORO_autolam,Canada,catboost_lo,shift14,0.25,,742.0,26.547,20.709,0.818,0.2608,30.877,0.1402,,,,,
B_autolam,LORO_autolam,Canada,catboost,shift14,0.25,,742.0,26.662,20.965,1.741,0.2544,30.877,0.1365,,,,,
B_autolam,LORO_autolam,Canada,ridge,shared25,0.25,,742.0,27.301,20.433,-2.837,0.2182,30.877,0.1158,,,,,
B_autolam,LORO_autolam,Canada,catboost_lo,shared25,0.25,,742.0,25.93,20.525,5.368,0.2948,30.877,0.1602,,,,,
B_autolam,LORO_autolam,Canada,catboost,shared25,0.25,,742.0,25.918,20.751,5.025,0.2954,30.877,0.1606,,,,,
B_autolam,LORO_autolam,Alaska,ridge,shift14,0.0,,13606.0,14.602,10.674,-4.047,0.2943,17.382,0.1599,,,,,
B_autolam,LORO_autolam,Alaska,catboost_lo,shift14,0.75,,13606.0,37.35,29.77,26.441,-3.6173,17.382,-1.1488,,,,,
B_autolam,LORO_autolam,Alaska,catboost,shift14,0.75,,13606.0,33.958,27.453,24.357,-2.8167,17.382,-0.9536,,,,,
B_autolam,LORO_autolam,Alaska,ridge,shared25,0.0,,13606.0,14.602,10.674,-4.047,0.2943,17.382,0.1599,,,,,
B_autolam,LORO_autolam,Alaska,catboost_lo,shared25,0.75,,13606.0,35.37,28.313,25.944,-3.1406,17.382,-1.0349,,,,,
B_autolam,LORO_autolam,Alaska,catboost,shared25,0.75,,13606.0,34.928,28.958,27.31,-3.0379,17.382,-1.0095,,,,,
B_autolam,LORO_autolam,Lena,ridge,shift14,0.25,,3037.0,21.705,13.125,-3.9,-0.0588,21.094,-0.029,,,,,
B_autolam,LORO_autolam,Lena,catboost_lo,shift14,0.25,,3037.0,21.354,15.058,4.561,-0.0249,21.094,-0.0124,,,,,
B_autolam,LORO_autolam,Lena,catboost,shift14,0.25,,3037.0,22.502,17.264,9.088,-0.138,21.094,-0.0668,,,,,
B_autolam,LORO_autolam,Lena,ridge,shared25,0.25,,3037.0,21.675,14.781,2.121,-0.0559,21.094,-0.0276,,,,,
B_autolam,LORO_autolam,Lena,catboost_lo,shared25,0.5,,3037.0,24.516,20.072,13.449,-0.3508,21.094,-0.1622,,,,,
B_autolam,LORO_autolam,Lena,catboost,shared25,0.5,,3037.0,29.12,25.62,21.184,-0.9058,21.094,-0.3805,,,,,
B_autolam,LORO_autolam_gate,UNWEIGHTED_MEAN,catboost,shared25,0.5,,3.0,29.988666666666663,,,,,,,,,,
B_autolam,LORO_autolam_gate,UNWEIGHTED_MEAN,catboost,shift14,0.4166666666666667,,3.0,27.707333333333334,,,,,,,,,,
B_autolam,LORO_autolam_gate,UNWEIGHTED_MEAN,catboost_lo,shared25,0.5,,3.0,28.605333333333334,,,,,,,,,,
B_autolam,LORO_autolam_gate,UNWEIGHTED_MEAN,catboost_lo,shift14,0.4166666666666667,,3.0,28.417,,,,,,,,,,
B_autolam,LORO_autolam_gate,UNWEIGHTED_MEAN,ridge,shared25,0.16666666666666666,,3.0,21.192666666666668,,,,,,,,,,
B_autolam,LORO_autolam_gate,UNWEIGHTED_MEAN,ridge,shift14,0.16666666666666666,,3.0,21.287666666666667,,,,,,,,,,
C_boot,LORO_boot,Canada,catboost_lo,shift14,0.25,,,,,,,,,,,0.9105705481013043,0.4323807724998309,1.5906207402449961
C_boot,LORO_boot,Canada,catboost_lo,shift14,0.5,,,,,,,,,,,1.7672701088699478,0.6131207056599544,3.1425062237405554
C_boot,LORO_boot,Canada,catboost_lo,shift14,0.75,,,,,,,,,,,2.499694041611668,0.9561686472304376,4.401878609174785
C_boot,LORO_boot,Canada,catboost_lo,shift14,1.0,,,,,,,,,,,3.162794749448464,1.1384836419892306,5.849489620581043
C_boot,LORO_boot,Alaska,catboost_lo,shift14,0.25,,,,,,,,,,,-3.3841540064057885,-6.996461484556718,-0.8080953437990813
C_boot,LORO_boot,Alaska,catboost_lo,shift14,0.5,,,,,,,,,,,-12.278431019069048,-20.74584588182858,-5.4208901027196585
C_boot,LORO_boot,Alaska,catboost_lo,shift14,0.75,,,,,,,,,,,-23.23106892762331,-36.28232772228106,-11.520506591500304
C_boot,LORO_boot,Alaska,catboost_lo,shift14,1.0,,,,,,,,,,,-35.342982951126004,-52.07133424128531,-19.099363892560664
C_boot,LORO_boot,Lena,catboost_lo,shift14,0.25,,,,,,,,,,,0.3860606945195594,0.13105501762608177,0.6774195155999809
C_boot,LORO_boot,Lena,catboost_lo,shift14,0.5,,,,,,,,,,,0.655765662348763,0.10219432954351558,1.3114161484850972
C_boot,LORO_boot,Lena,catboost_lo,shift14,0.75,,,,,,,,,,,0.9178667398358038,0.32855512408676235,1.730229114260343
C_boot,LORO_boot,Lena,catboost_lo,shift14,1.0,,,,,,,,,,,0.9966204575318643,0.08199016087159212,2.032936326825379
D_indomain,spatial_block_AK,Alaska,ridge,shift14,0.0,0.0,13606.0,14.457,10.731,-0.993,0.3083,17.382,0.1683,,,,,
D_indomain,spatial_block_AK,Alaska,ridge,shift14,0.25,0.0,13606.0,13.855,10.177,0.767,0.3647,17.382,0.2029,,,,,
D_indomain,spatial_block_AK,Alaska,ridge,shift14,0.5,0.0,13606.0,14.503,10.759,2.528,0.3038,17.382,0.1656,,,,,
D_indomain,spatial_block_AK,Alaska,ridge,shift14,0.75,0.0,13606.0,16.254,12.561,4.288,0.1256,17.382,0.0649,,,,,
D_indomain,spatial_block_AK,Alaska,ridge,shift14,1.0,0.0,13606.0,18.801,14.937,6.049,-0.1699,17.382,-0.0816,,,,,
D_indomain,spatial_block_AK,Alaska,catboost_lo,shift14,0.0,0.0,13606.0,14.457,10.731,-0.993,0.3083,17.382,0.1683,,,,,
D_indomain,spatial_block_AK,Alaska,catboost_lo,shift14,0.25,0.0,13606.0,13.902,10.216,-0.314,0.3603,17.382,0.2002,,,,,
D_indomain,spatial_block_AK,Alaska,catboost_lo,shift14,0.5,0.0,13606.0,13.709,10.004,0.365,0.378,17.382,0.2113,,,,,
D_indomain,spatial_block_AK,Alaska,catboost_lo,shift14,0.75,0.0,13606.0,13.89,10.092,1.044,0.3614,17.382,0.2009,,,,,
D_indomain,spatial_block_AK,Alaska,catboost_lo,shift14,1.0,0.0,13606.0,14.434,10.532,1.723,0.3105,17.382,0.1696,,,,,
D_indomain,spatial_block_AK,Alaska,catboost_lo,shift14,0.0,1.0,13606.0,14.457,10.731,-0.993,0.3083,17.382,0.1683,,,,,
D_indomain,spatial_block_AK,Alaska,catboost_lo,shift14,0.25,1.0,13606.0,13.953,10.291,-0.203,0.3556,17.382,0.1973,,,,,
D_indomain,spatial_block_AK,Alaska,catboost_lo,shift14,0.5,1.0,13606.0,13.852,10.175,0.588,0.3649,17.382,0.2031,,,,,
D_indomain,spatial_block_AK,Alaska,catboost_lo,shift14,0.75,1.0,13606.0,14.163,10.367,1.378,0.3361,17.382,0.1852,,,,,
D_indomain,spatial_block_AK,Alaska,catboost_lo,shift14,1.0,1.0,13606.0,14.859,10.885,2.168,0.2692,17.382,0.1452,,,,,
D_indomain,spatial_block_AK,Alaska,catboost_lo,shift14,0.0,2.0,13606.0,14.457,10.731,-0.993,0.3083,17.382,0.1683,,,,,
D_indomain,spatial_block_AK,Alaska,catboost_lo,shift14,0.25,2.0,13606.0,13.903,10.219,-0.293,0.3603,17.382,0.2002,,,,,
D_indomain,spatial_block_AK,Alaska,catboost_lo,shift14,0.5,2.0,13606.0,13.704,10.005,0.408,0.3784,17.382,0.2116,,,,,
D_indomain,spatial_block_AK,Alaska,catboost_lo,shift14,0.75,2.0,13606.0,13.877,10.089,1.108,0.3626,17.382,0.2016,,,,,
D_indomain,spatial_block_AK,Alaska,catboost_lo,shift14,1.0,2.0,13606.0,14.408,10.501,1.809,0.3129,17.382,0.1711,,,,,
D_indomain,spatial_block_AK,Alaska,catboost,shift14,0.0,0.0,13606.0,14.457,10.731,-0.993,0.3083,17.382,0.1683,,,,,
D_indomain,spatial_block_AK,Alaska,catboost,shift14,0.25,0.0,13606.0,13.851,10.15,-0.47,0.365,17.382,0.2032,,,,,
D_indomain,spatial_block_AK,Alaska,catboost,shift14,0.5,0.0,13606.0,13.562,9.828,0.054,0.3912,17.382,0.2198,,,,,
D_indomain,spatial_block_AK,Alaska,catboost,shift14,0.75,0.0,13606.0,13.611,9.817,0.577,0.3868,17.382,0.2169,,,,,
D_indomain,spatial_block_AK,Alaska,catboost,shift14,1.0,0.0,13606.0,13.994,10.134,1.101,0.3518,17.382,0.1949,,,,,
D_indomain,spatial_block_AK,Alaska,catboost,shift14,0.0,1.0,13606.0,14.457,10.731,-0.993,0.3083,17.382,0.1683,,,,,
D_indomain,spatial_block_AK,Alaska,catboost,shift14,0.25,1.0,13606.0,13.913,10.222,-0.593,0.3593,17.382,0.1995,,,,,
D_indomain,spatial_block_AK,Alaska,catboost,shift14,0.5,1.0,13606.0,13.653,9.937,-0.193,0.3831,17.382,0.2146,,,,,
D_indomain,spatial_block_AK,Alaska,catboost,shift14,0.75,1.0,13606.0,13.69,9.906,0.208,0.3797,17.382,0.2124,,,,,
D_indomain,spatial_block_AK,Alaska,catboost,shift14,1.0,1.0,13606.0,14.023,10.165,0.608,0.3491,17.382,0.1932,,,,,
D_indomain,spatial_block_AK,Alaska,catboost,shift14,0.0,2.0,13606.0,14.457,10.731,-0.993,0.3083,17.382,0.1683,,,,,
D_indomain,spatial_block_AK,Alaska,catboost,shift14,0.25,2.0,13606.0,13.893,10.203,-0.541,0.3612,17.382,0.2007,,,,,
D_indomain,spatial_block_AK,Alaska,catboost,shift14,0.5,2.0,13606.0,13.625,9.913,-0.089,0.3856,17.382,0.2162,,,,,
D_indomain,spatial_block_AK,Alaska,catboost,shift14,0.75,2.0,13606.0,13.67,9.891,0.364,0.3815,17.382,0.2135,,,,,
D_indomain,spatial_block_AK,Alaska,catboost,shift14,1.0,2.0,13606.0,14.027,10.167,0.816,0.3488,17.382,0.193,,,,,
D_indomain,spatial_block_AK,Alaska,ridge,shared25,0.0,0.0,13606.0,14.457,10.731,-0.993,0.3083,17.382,0.1683,,,,,
D_indomain,spatial_block_AK,Alaska,ridge,shared25,0.25,0.0,13606.0,13.788,10.165,-0.451,0.3708,17.382,0.2068,,,,,
D_indomain,spatial_block_AK,Alaska,ridge,shared25,0.5,0.0,13606.0,13.404,9.84,0.091,0.4054,17.382,0.2289,,,,,
D_indomain,spatial_block_AK,Alaska,ridge,shared25,0.75,0.0,13606.0,13.33,9.752,0.633,0.4119,17.382,0.2331,,,,,
D_indomain,spatial_block_AK,Alaska,ridge,shared25,1.0,0.0,13606.0,13.571,9.951,1.175,0.3904,17.382,0.2192,,,,,
D_indomain,spatial_block_AK,Alaska,catboost_lo,shared25,0.0,0.0,13606.0,14.457,10.731,-0.993,0.3083,17.382,0.1683,,,,,
D_indomain,spatial_block_AK,Alaska,catboost_lo,shared25,0.25,0.0,13606.0,13.915,10.263,-0.451,0.3592,17.382,0.1995,,,,,
D_indomain,spatial_block_AK,Alaska,catboost_lo,shared25,0.5,0.0,13606.0,13.743,10.079,0.091,0.3749,17.382,0.2093,,,,,
D_indomain,spatial_block_AK,Alaska,catboost_lo,shared25,0.75,0.0,13606.0,13.956,10.194,0.633,0.3553,17.382,0.1971,,,,,
D_indomain,spatial_block_AK,Alaska,catboost_lo,shared25,1.0,0.0,13606.0,14.536,10.649,1.175,0.3006,17.382,0.1637,,,,,
D_indomain,spatial_block_AK,Alaska,catboost_lo,shared25,0.0,1.0,13606.0,14.457,10.731,-0.993,0.3083,17.382,0.1683,,,,,
D_indomain,spatial_block_AK,Alaska,catboost_lo,shared25,0.25,1.0,13606.0,13.959,10.307,-0.497,0.3551,17.382,0.1969,,,,,
D_indomain,spatial_block_AK,Alaska,catboost_lo,shared25,0.5,1.0,13606.0,13.769,10.134,-0.001,0.3725,17.382,0.2079,,,,,
D_indomain,spatial_block_AK,Alaska,catboost_lo,shared25,0.75,1.0,13606.0,13.9,10.175,0.495,0.3605,17.382,0.2003,,,,,
D_indomain,spatial_block_AK,Alaska,catboost_lo,shared25,1.0,1.0,13606.0,14.342,10.471,0.991,0.3192,17.382,0.1749,,,,,
D_indomain,spatial_block_AK,Alaska,catboost_lo,shared25,0.0,2.0,13606.0,14.457,10.731,-0.993,0.3083,17.382,0.1683,,,,,
D_indomain,spatial_block_AK,Alaska,catboost_lo,shared25,0.25,2.0,13606.0,13.957,10.285,-0.553,0.3553,17.382,0.1971,,,,,
D_indomain,spatial_block_AK,Alaska,catboost_lo,shared25,0.5,2.0,13606.0,13.746,10.079,-0.114,0.3746,17.382,0.2092,,,,,
D_indomain,spatial_block_AK,Alaska,catboost_lo,shared25,0.75,2.0,13606.0,13.838,10.102,0.326,0.3662,17.382,0.2039,,,,,
D_indomain,spatial_block_AK,Alaska,catboost_lo,shared25,1.0,2.0,13606.0,14.227,10.401,0.766,0.3301,17.382,0.1815,,,,,
D_indomain,spatial_block_AK,Alaska,catboost,shared25,0.0,0.0,13606.0,14.457,10.731,-0.993,0.3083,17.382,0.1683,,,,,
D_indomain,spatial_block_AK,Alaska,catboost,shared25,0.25,0.0,13606.0,14.011,10.32,-0.836,0.3503,17.382,0.194,,,,,
D_indomain,spatial_block_AK,Alaska,catboost,shared25,0.5,0.0,13606.0,13.773,10.065,-0.679,0.3722,17.382,0.2076,,,,,
D_indomain,spatial_block_AK,Alaska,catboost,shared25,0.75,0.0,13606.0,13.754,9.974,-0.521,0.3739,17.382,0.2087,,,,,
D_indomain,spatial_block_AK,Alaska,catboost,shared25,1.0,0.0,13606.0,13.955,10.059,-0.364,0.3555,17.382,0.1972,,,,,
D_indomain,spatial_block_AK,Alaska,catboost,shared25,0.0,1.0,13606.0,14.457,10.731,-0.993,0.3083,17.382,0.1683,,,,,
D_indomain,spatial_block_AK,Alaska,catboost,shared25,0.25,1.0,13606.0,14.081,10.398,-1.18,0.3437,17.382,0.1899,,,,,
D_indomain,spatial_block_AK,Alaska,catboost,shared25,0.5,1.0,13606.0,13.859,10.175,-1.366,0.3642,17.382,0.2027,,,,,
D_indomain,spatial_block_AK,Alaska,catboost,shared25,0.75,1.0,13606.0,13.798,10.074,-1.553,0.3699,17.382,0.2062,,,,,
D_indomain,spatial_block_AK,Alaska,catboost,shared25,1.0,1.0,13606.0,13.9,10.119,-1.739,0.3606,17.382,0.2003,,,,,
D_indomain,spatial_block_AK,Alaska,catboost,shared25,0.0,2.0,13606.0,14.457,10.731,-0.993,0.3083,17.382,0.1683,,,,,
D_indomain,spatial_block_AK,Alaska,catboost,shared25,0.25,2.0,13606.0,14.035,10.339,-1.053,0.348,17.382,0.1925,,,,,
D_indomain,spatial_block_AK,Alaska,catboost,shared25,0.5,2.0,13606.0,13.787,10.074,-1.113,0.3709,17.382,0.2068,,,,,
D_indomain,spatial_block_AK,Alaska,catboost,shared25,0.75,2.0,13606.0,13.72,9.951,-1.173,0.377,17.382,0.2107,,,,,
D_indomain,spatial_block_AK,Alaska,catboost,shared25,1.0,2.0,13606.0,13.837,9.991,-1.233,0.3663,17.382,0.2039,,,,,
